,Id,Name,Gender,Job,House,Wand,Patronus,Species,Blood_status,Hair_colour,Eye_colour,Loyalty,Skills,Birth,Death,first_name,yearOfBirth,ancestry,image,year_Death,year_Birth,age_death,total_skill,total_loyalty,Loyalty_view
0,1,Harry James Potter,Male,Student,Gryffindor,"11""  Holly  phoenix feather",Stag,Human,half-blood,Black,Bright green,"Albus Dumbledore , Dumbledore's Army , Order of the Phoenix , Hogwarts School of Witchcraft and Wizardry","Parseltongue, Defence Against the Dark Arts , Seeker",31 July 1980,0,HARRY,1980.0,half-blood,http://hp-api.herokuapp.com/images/harry.jpg,0.0,1980.0,0.0,3.0,4.0,Order of the Phoenix
1,2,Ronald Bilius Weasley,Male,Student,Gryffindor,"12"" Ash unicorn tail hair ",Jack Russell terrier,Human,pure-blood,Red,Blue,"Dumbledore's Army , Order of the Phoenix , Hogwarts School of Witchcraft and Wizardry","Wizard chess , Quidditch goalkeeping",1 March 1980,0,RONALD,0.0,0,0,0.0,1980.0,0.0,2.0,3.0,Order of the Phoenix
2,3,Hermione Jean Granger,Female,Student,Gryffindor,"10¾""  vine wood dragon heartstring",Otter,Human,muggle-born,Brown,Brown,"Dumbledore's Army , Order of the Phoenix , Hogwarts School of Witchcraft and Wizardry",Almost everything,"19 September, 1979",0,HERMIONE,1979.0,muggleborn,http://hp-api.herokuapp.com/images/hermione.jpeg,0.0,1979.0,0.0,1.0,3.0,Order of the Phoenix
3,4,Albus Percival Wulfric Brian Dumbledore,Male,Headmaster,Gryffindor,"15"" Elder Thestral tail hair core",Phoenix,Human,half-blood,Silver| formerly auburn,Blue,"Dumbledore's Army , Order of the Phoenix , Hogwarts School of Witchcraft and Wizardry",Considered by many to be one of the most powerful wizards of his time,Late August 1881,"30 June, 1997",ALBUS,0.0,0,0,1997.0,1881.0,116.0,1.0,3.0,Order of the Phoenix
4,5,Rubeus Hagrid,Male,Keeper of Keys and Grounds | Professor of Care of Magical Creatures ,Gryffindor,"16""  Oak unknown core",None,Half-Human/Half-Giant,part-human-(half-giant),Black,Black,"Albus Dumbledore , Order of the Phoenix , Hogwarts School of Witchcraft and Wizardry","Resistant to stunning spells, above average strength , crossbowmanship",6 December 1928,0,RUBEUS,1928.0,half-blood,http://hp-api.herokuapp.com/images/hagrid.png,0.0,1928.0,0.0,3.0,3.0,Order of the Phoenix
5,6,Neville Longbottom,Male,Student,Gryffindor,"13"" Cherry unicorn hair",Non-corporeal,Human,pure-blood,Blond,0,"Dumbledore's Army , Order of the Phoenix , Hogwarts School of Witchcraft and Wizardry",Herbology,"30 July, 1980",0,NEVILLE,1980.0,pure-blood,http://hp-api.herokuapp.com/images/neville.jpg,0.0,1980.0,0.0,1.0,3.0,Order of the Phoenix
6,7,Fred Weasley,Male,Student,Gryffindor,Unknown,Unknown,Human,pure-blood,Red,Brown,"Dumbledore's Army , Order of the Phoenix , Hogwarts School of Witchcraft and Wizardry",Beater,"1 April, 1978","2 May, 1998",FRED,0.0,0,0,1998.0,1978.0,20.0,1.0,3.0,Order of the Phoenix
7,8,George Weasley,Male,Student,Gryffindor,Unknown,Unknown,Human,pure-blood,Red,Brown,"Dumbledore's Army , Order of the Phoenix , Hogwarts School of Witchcraft and Wizardry",Beater,"1 April, 1978",0,GEORGE,0.0,0,0,0.0,1978.0,0.0,1.0,3.0,Order of the Phoenix
8,9,Ginevra (Ginny) Molly Weasley,Female,Student,Gryffindor,Unknown,Horse,Human,pure-blood,Red,Bright brown,"Dumbledore's Army , Order of the Phoenix , Hogwarts School of Witchcraft and Wizardry","Chaser, Bat-Bogey hex","11 August, 1981",0,GINEVRA,0.0,0,0,0.0,1981.0,0.0,2.0,3.0,Order of the Phoenix
9,10,Dean Thomas,Male,Student,Gryffindor,Unknown,Unknown,Human,muggle-born,Black,Brown,"Dumbledore's Army , Hogwarts School of Witchcraft and Wizardry",Chaser,1 September 1979- 31 August 1980,0,DEAN,0.0,0,0,0.0,1980.0,0.0,1.0,2.0,Dumbledore's Army
10,11,Seamus Finnigan,Male,Student,Gryffindor,Unknown,Fox,Human,half-blood,Sandy,0,"Dumbledore's Army , Hogwarts School of Witchcraft and Wizardry",Pyrotechnics,1 September 1979- 31 August 1981,0,SEAMUS,0.0,0,0,0.0,1981.0,0.0,1.0,2.0,Dumbledore's Army
11,12,Lily J. Potter,Female,0,Gryffindor,"10¼""  Willow  unknown core",Doe,Human,muggle-born,Auburn,Bright green,Order of the Phoenix,0,"30 January, 1960","31 October, 1981",LILY,0.0,0,0,1981.0,1960.0,21.0,0.0,1.0,Order of the Phoenix
12,13,James Potter,Male,0,Gryffindor,"11""  Mahogany  unknown core",Stag,Human,pure-blood,Black,Hazel,Order of the Phoenix,"Animagus, Seeker","27 March, 1960","31 October, 1981",JAMES,0.0,0,0,1981.0,1960.0,21.0,2.0,1.0,Order of the Phoenix
13,14,Sirius Black,Male,0,Gryffindor,Unknown,Unknown,Human,pure-blood,Black,Grey,Order of the Phoenix,"Animagus, nonverbal magic, Charms","3 November, 1959","18 June, 1996",SIRIUS,1959.0,pure-blood,http://hp-api.herokuapp.com/images/sirius.JPG,1996.0,1959.0,37.0,3.0,1.0,Order of the Phoenix
14,15,Remus John Lupin,Male,Professor of Defence Against the Dark Arts ,Gryffindor,"10¼"" Cypress unicorn hair",Wolf,Werewolf,half-blood,Light brown flecked with grey,Green,Order of the Phoenix,Exceptionally gifted in Defence Against the Dark Arts,"10 March, 1960","2 May, 1998",REMUS,1960.0,half-blood,http://hp-api.herokuapp.com/images/lupin.jpg,1998.0,1960.0,38.0,1.0,1.0,Order of the Phoenix
15,16,Peter Pettigrew,Male,The Servant of Lord Voldemort,Gryffindor,"9¼"" Chestnut dragon heartstring",None,Human,half-blood-or-pure-blood,Colourless and balding,Blue,"Lord Voldemort, Death Eaters",Animagus,1 September 1959- 31 August 1960,Late March 1998,PETER,0.0,0,0,1998.0,1960.0,38.0,1.0,2.0,Death Eaters
16,17,Percy Ignatius Weasley,Male,Student|Prefect|  Personal assistant to Barty Crouch Snr ,Gryffindor,Unknown,Unknown,Human,pure-blood,Red,Blue,"Order of the Phoenix, Hogwarts School of Witchcraft and Wizardry ,British Ministry of Magic","Intelligent, hard-working, a model student","22 August, 1976",0,PERCY,0.0,0,0,0.0,1976.0,0.0,3.0,3.0,Minister of Magic
17,18,(Bill) William Arthur Weasley,Male,Curse-Breaker for Gringotts Bank,Gryffindor,Unknown,Unknown,Human (Werewolf traits),pure-blood,Red,Blue,Order of the Phoenix,"Highly skilled curse-breaker for Gringotts Wizarding Bank, very intelligent, past Hogwarts Head Boy","29 November, 1970",0,(BILL),0.0,0,0,0.0,1970.0,0.0,3.0,1.0,Order of the Phoenix
18,19,Charles Weasley,Male,Dragonologist,Gryffindor,"12""  Ash unicorn tail hair",Unknown,Human,pure-blood,Red,Grey,"Order of the Phoenix , Gringotts Wizarding Bank","Highly skilled dragon trainer, one-time Gryffindor Seeker","12 December, 1972",0,CHARLES,0.0,0,0,0.0,1972.0,0.0,2.0,2.0,Order of the Phoenix
19,20,Lee Jordan ,Male,Student,Gryffindor,Unknown,Unknown,Human,pure-blood-or-half-blood,Black,Brown,"Dumbledore's Army , Order of the Phoenix , Hogwarts School of Witchcraft and Wizardry","Quidditch commentary , broadcasting",1 September 1977- 31 August 1978,0,LEE,0.0,0,0,0.0,1978.0,0.0,2.0,3.0,Order of the Phoenix
20,21,Oliver Wood,Male,Student,Gryffindor,Unknown,Unknown,Human,pure-blood-or-half-blood,0,0,Hogwarts School of Witchcraft and Wizardry,"Keeper,  Captain of the Gryffindor Quidditch team",October 1975 - 31 August 1976,0,OLIVER,0.0,0,0,0.0,1976.0,0.0,2.0,1.0,Hogwarts School
21,22,Angelina Johnson,Female,Student,Gryffindor,Unknown,Unknown,Human,unknown,Brown,Brown,"Dumbledore's Army ,Hogwarts School of Witchcraft and Wizardry",Chaser,"24 – 30 October, 1977",0,ANGELINA,0.0,0,0,0.0,1977.0,0.0,1.0,2.0,Dumbledore's Army
22,23,Katie Bell,Female,Student,Gryffindor,Unknown,Unknown,Human,pure-blood-or-half-blood,Brown,Brown,"Dumbledore's Army ,Hogwarts School of Witchcraft and Wizardry",Chaser,1 September 1978- 31 August 1979,0,KATIE,0.0,0,0,0.0,1979.0,0.0,1.0,2.0,Dumbledore's Army
23,24,Alicia Spinnet,Female,Student,Gryffindor,Unknown,Unknown,Human,pure-blood-or-half-blood,Brown,Brown,"Dumbledore's Army ,Hogwarts School of Witchcraft and Wizardry",Chaser,1 September 1977- 31 August 1978,0,ALICIA,0.0,0,0,0.0,1978.0,0.0,1.0,2.0,Dumbledore's Army
24,25,Lavender Brown,Female,Student,Gryffindor,Unknown,Unknown,Human,pure-blood,Blond,Blue,"Dumbledore's Army ,Hogwarts School of Witchcraft and Wizardry",Divination,1 September 1979- 31 August 1980,"2 May, 1998",LAVENDER,0.0,0,0,1998.0,1980.0,18.0,1.0,2.0,Dumbledore's Army
25,26,Parvati Patil,Female,Student,Gryffindor,Unknown,Unknown,Human,pure-blood-or-half-blood,Dark,Dark,"Dumbledore's Army ,Hogwarts School of Witchcraft and Wizardry",Divination,1 September 1979- 21 April 1980,0,PARVATI,0.0,0,0,0.0,1980.0,0.0,1.0,2.0,Dumbledore's Army
26,27,Romilda Vane,Female,Student,Gryffindor,Unknown,Unknown,Human,pure-blood-or-half-blood,Black,Dark,"Dumbledore's Army ,Hogwarts School of Witchcraft and Wizardry",Spiking Chocolate Cauldrons with love potion,1 September 1981- 31 August 1982,0,ROMILDA,0.0,0,0,0.0,1982.0,0.0,1.0,2.0,Dumbledore's Army
27,28,Colin Creevey,Male,Student,Gryffindor,Unknown,Unknown,Human,muggle-born,Mousy,0,"Dumbledore's Army ,Hogwarts School of Witchcraft and Wizardry",Photography,3 May - 31 August 1981,"2 May, 1998",COLIN,0.0,0,0,1998.0,1981.0,17.0,1.0,2.0,Dumbledore's Army
28,29,Cormac McLaggen,Male,Student,Gryffindor,Unknown,Unknown,Human,pure-blood-or-half-blood,Blond,0,"Dumbledore's Army ,Hogwarts School of Witchcraft and Wizardry",Quidditch Keeper,1 September 1978- 31 August 1979,0,CORMAC,0.0,0,0,0.0,1979.0,0.0,1.0,2.0,Dumbledore's Army
29,30,Minerva McGonagall,Female,Professor of Transfiguration | Head of Gryffindor,Gryffindor,"9½"" Fir dragon heartstring",Cat,Human,half-blood,Black,Green,"Albus Dumbledore , Order of the Phoenix , Hogwarts School of Witchcraft and Wizardry",Animagus,4 October,0,MINERVA,1925.0,0,http://hp-api.herokuapp.com/images/mcgonagall.jpg,0.0,1925.0,0.0,1.0,3.0,Order of the Phoenix
30,31,Molly Weasley,Female,0,Gryffindor,Unknown,Unknown,Human,pure-blood,Red,Bright brown,Order of the Phoenix,"Household spells, healing magic","30 October, 1949",0,MOLLY,0.0,0,0,0.0,1949.0,0.0,2.0,1.0,Order of the Phoenix
31,32,Arthur Weasley,Male,Head of the Misuse of Muggle Artefacts Office,Gryffindor,Unknown,Weasel,Human,pure-blood,Red,Green,"Order of the Phoenix, British Ministry of Magic",Muggle world works,"6 February, 1950",0,ARTHUR,1950.0,pure-blood,http://hp-api.herokuapp.com/images/arthur.jpg,0.0,1950.0,0.0,1.0,2.0,Minister of Magic
32,33,Quirinus Quirrell,Male,Defence Against the Dark Arts(1991-1992),Ravenclaw,"9"" Alder unicorn hair bendy",Non-corporeal,Human,half-blood,0,0,Lord Voldemort,"Learned in the theory of Defensive Magic, less adept in the practise","26 September,1970 or earlier",4 June 1992,QUIRINUS,0.0,0,0,1992.0,0.0,0.0,2.0,1.0,Lord Voldemort
33,34,Cho Chang,Female,Student,Ravenclaw,Unknown,Swan,Human,pure-blood-or-half-blood,Black,Dark,"Dumbledore's Army ,Hogwarts School of Witchcraft and Wizardry",Seeker,1 September 1978-31 August 1979,0,CHO,0.0,0,http://hp-api.herokuapp.com/images/cho.jpg,0.0,1979.0,0.0,1.0,2.0,Dumbledore's Army
34,35,Luna Lovegood,Female,Student,Ravenclaw,Unknown,Hare,Human,pure-blood-or-half-blood,Dirty-blonde,Pale silvery,"Dumbledore's Army ,Hogwarts School of Witchcraft and Wizardry",Spotting Nargles,"13 February, 1981",0,LUNA,1981.0,0,http://hp-api.herokuapp.com/images/luna.jpg,0.0,1981.0,0.0,1.0,2.0,Dumbledore's Army
35,36,Gilderoy Lockhart,Male,Defence Against the Dark Arts(1992-1993),Ravenclaw,"9"" Cherry dragon heartstring",Non-corporeal,Human,half-blood,Blond,Blue,nan,0,26 January 1964,0,GILDEROY,0.0,0,0,0.0,1964.0,0.0,0.0,0.0,nan
36,37,Filius Flitwick,Male,Professor of Charms | Head of Ravenclaw,Ravenclaw,Unknown,Non-corporeal,Human(goblin ancestry),part-goblin,White,0,nan,Charms,17 October 1958 or earlier,0,FILIUS,0.0,0,0,0.0,0.0,0.0,1.0,0.0,nan
37,38,Sybill Patricia Trelawney,Female,Professor of Divination,Ravenclaw,9 ½” hazel unicorn hair core,Non-corporeal,Human,half-blood,0,0,nan,"A Seer, though the gift is unpredictable and unconscious",9 March prior to 1962,0,SYBILL,0.0,0,0,0.0,1962.0,0.0,2.0,0.0,nan
38,39,Garrick Ollivander,Male,Wandmaker,Ravenclaw,"12¾"" Hornbeam dragon heartstring",Non-corporeal,Human,half-blood,0,Silvery,nan,An incomparable understanding of wandcraft,"25 September, pre 1908",0,GARRICK,0.0,0,0,0.0,1908.0,0.0,1.0,0.0,nan
39,40,Myrtle Elizabeth Warren (Moaning Myrtle),Female,Student,Ravenclaw,Unknown,Unknown,Ghost,muggle-born,0,0,nan,0,14 June 1928 -13 June 1929,"13 June, 1943",MYRTLE,0.0,0,0,1943.0,1929.0,14.0,0.0,0.0,nan
40,41,Padma Patil,Female,Student,Ravenclaw,Unknown,Non-corporeal,Human,pure-blood-or-half-blood,Dark,Dark,"Dumbledore's Army ,Hogwarts School of Witchcraft and Wizardry",Prefect,1 September 1979 - 21 April 1980,0,PADMA,0.0,0,0,0.0,1980.0,0.0,1.0,2.0,Dumbledore's Army
41,42,Michael Corner,Male,Student,Ravenclaw,Unknown,Squirrel,Human,half-blood,Black,Brown,"Dumbledore's Army ,Hogwarts School of Witchcraft and Wizardry",Potions,1 September 1979 - 31 August 1980,0,MICHAEL,0.0,0,0,0.0,1980.0,0.0,1.0,2.0,Dumbledore's Army
42,43,Marietta Edgecombe,Female,Student,Ravenclaw,Unknown,Unknown,Human,pure-blood-or-half-blood,Reddish-blonde,Grey,nan,Covering up the spots that blight her face after betraying Dumbledore's Army,1978-1979,0,MARIETTA,0.0,0,0,0.0,1979.0,0.0,1.0,0.0,nan
43,44,Terry Boot,Male,Student,Ravenclaw,Unknown,Unknown,Human,pure-blood-or-half-blood,0,0,"Dumbledore's Army ,Hogwarts School of Witchcraft and Wizardry","Potions, also knowledgable about Charms",1 September 1979- 21 April 1980,0,TERRY,0.0,0,0,0.0,1980.0,0.0,2.0,2.0,Dumbledore's Army
44,45,Anthony Goldstein,Male,Student,Ravenclaw,Unknown,Non-corporeal,Human,half-blood,Blonde,Grey,"Dumbledore's Army ,Hogwarts School of Witchcraft and Wizardry",Prefect,1 September 1979- 31 August 1980,0,ANTHONY,0.0,0,0,0.0,1980.0,0.0,1.0,2.0,Dumbledore's Army
45,46,Severus Snape,Male,Professor of Potions | Head of Slytherin,Slytherin,Unknown,Doe,Human,half-blood,Black,Black,nan,Extremely skilled at potions and Occlumency,9 January 1960,"2 May, 1998",SEVERUS,1960.0,half-blood,http://hp-api.herokuapp.com/images/snape.jpg,1998.0,1960.0,38.0,1.0,0.0,nan
46,47,Draco Malfoy,Male,Student,Slytherin,"10"" Hawthorn unicorn hair",Unknown,Human,pure-blood,White-blond,Grey,nan,"Prefect, Seeker","5 June, 1980",0,DRACO,1980.0,pure-blood,http://hp-api.herokuapp.com/images/draco.jpg,0.0,1980.0,0.0,2.0,0.0,nan
47,48,Vincent Crabbe,Male,Student,Slytherin,Unknown,Unknown,Human,pure-blood,Black,Black,nan,Beater,c. 1979-1980,"2 May, 1998",VINCENT,0.0,pure-blood,http://hp-api.herokuapp.com/images/crabbe.jpg,1998.0,1980.0,18.0,1.0,0.0,nan
48,49,Gregory Goyle,Male,Student,Slytherin,Unknown,Unknown,Human,pure-blood,Brown,0,nan,Beater,1 September 1979-31 August 1980,0,GREGORY,0.0,pure-blood,http://hp-api.herokuapp.com/images/goyle.jpg,0.0,1980.0,0.0,1.0,0.0,nan
49,50,Bellatrix Lestrange,Female,0,Slytherin,"12¾"" Walnut dragon heartstring",0,Human,pure-blood,Black,0,"Lord Voldemort  , Death Eaters",She is a duellist of great skill and an experienced Occlumens,1951,"2 May, 1998",BELLATRIX,1951.0,pure-blood,http://hp-api.herokuapp.com/images/bellatrix.jpg,1998.0,1951.0,47.0,1.0,2.0,Death Eaters
50,51,Dolores Jane Umbridge,Female,Professor of Defence Against the Dark Arts | Department of Magical Law Enforcement,Slytherin,"8"" Birch dragon heartstring",Cat,Human,half-blood,Iron grey,0,Ministry of Magic,Her punishment quill is of her own invention,26 August,0,DOLORES,0.0,half-blood,http://hp-api.herokuapp.com/images/umbridge.jpg,0.0,0.0,0.0,1.0,1.0,Minister of Magic
51,52,Horace Eugene Flaccus Slughorn,Male,Professor of Potions ,Slytherin,"10¼"" Cedar dragon heartstring fairly flexible",Non-corporeal,Human,pure-blood-or-half-blood,Bald,Gooseberry,nan,"Accomplished Occlumens, expert Potioneer, advanced self-transfiguration",28 April,0,HORACE,0.0,pure-blood,http://hp-api.herokuapp.com/images/slughorn.JPG,0.0,0.0,0.0,3.0,0.0,nan
52,53,Lucius Malfoy,Male,School Governor,Slytherin,Elm and dragon heartstring,Unknown,Human,pure-blood,White-blond,Grey,"Lord Voldemort  , Death Eaters",Skilled duellist and potioneer,c. 1954,0,LUCIUS,1954.0,pure-blood,http://hp-api.herokuapp.com/images/lucius.jpg,0.0,1954.0,0.0,1.0,2.0,Death Eaters
53,54,Narcissa Malfoy,Female,0,Slytherin,Unknown,Unknown,Human,pure-blood,Blonde,Blue,"Lord Voldemort  , Death Eaters",0,1955,0,NARCISSA,0.0,0,0,0.0,1955.0,0.0,0.0,2.0,Death Eaters
54,55,Regulus Arcturus Black,Male,0,Slytherin,Unknown,Non-corporeal,Human,pure-blood,Black,0,nan,Seeker,1961,1979,REGULUS,0.0,0,0,1979.0,1961.0,18.0,1.0,0.0,nan
55,56,Pansy Parkinson,Female,Student,Slytherin,Unknown,Unknown,Human,pure-blood-or-half-blood,0,0,nan,Prefect,1 September 1979- 31 August 1980,0,PANSY,0.0,0,0,0.0,1980.0,0.0,1.0,0.0,nan
56,57,Blaise Zabini,Male,Student,Slytherin,Unknown,Unknown,Human,pure-blood-or-half-blood,Black,Brown,nan,Chaser,"1 September, 1979 – 21 April, 1980",0,BLAISE,0.0,0,0,0.0,1980.0,0.0,1.0,0.0,nan
57,58,Tom Marvolo Riddle,Male,Student,Slytherin,"13½"" Yew phoenix feather core",Unknown,Human,half-blood,Bald,Scarlet ,nan,"Dark Lord, Outstanding manipulation, Parseltongue, Heir of Slytherin, Dark magic, Inferi creation and control",31 December 1926,"2 May, 1998",TOM,0.0,0,0,1998.0,1926.0,72.0,6.0,0.0,nan
58,59,Theodore Nott,Male,Student,Slytherin,Unknown,Unknown,Human,pure-blood,Brown,0,nan,0,"1 September, 1979 – 21 April, 1980",0,THEODORE,0.0,0,0,0.0,1980.0,0.0,0.0,0.0,nan
59,60,Rodolphus Lestrange,Male,0,Slytherin,Unknown,Unknown,Human,pure-blood,Dark,Dark,"Lord Voldemort  , Death Eaters",0,Pre 1964,0,RODOLPHUS,0.0,0,0,0.0,1964.0,0.0,0.0,2.0,Death Eaters
60,61,Millicent Bulstrode,Female,Student,Slytherin,Unknown,Unknown,Human,half-blood,Black,0,nan,0,1 September 1979- 31 August 1980,0,MILLICENT,0.0,0,0,0.0,1980.0,0.0,0.0,0.0,nan
61,62,Graham Montague,Male,Student,Slytherin,Unknown,Unknown,Human,pure-blood-or-half-blood,Brown,Brown,nan,"Quidditch captain, Chaser",In or prior to c.1981,0,GRAHAM,0.0,0,0,0.0,1981.0,0.0,2.0,0.0,nan
62,63,Bloody Baron,Male,Slytherin House Ghost,Slytherin,Unknown,Unknown,Ghost,pure-blood-or-half-blood,0,0,nan,Controlling Peeves,Post 982,11th century,BLOODY,0.0,0,0,0.0,0.0,0.0,1.0,0.0,nan
63,64,Marcus Flint,Male,Student,Slytherin,Unknown,Unknown,Human,pure-blood-or-half-blood,Black,0,nan,"Chaser, Captain",1 September 1975- 31 August 1976,0,MARCUS,0.0,0,0,0.0,1976.0,0.0,2.0,0.0,nan
64,65,Penelope Clearwater,Female,Student,Ravenclaw,Unknown,Non-corporeal,Human,muggle-born-or-half-blood[,Blonde,0,nan,Prefect,1 September 1975- 31 August 1976,0,PENELOPE,0.0,0,0,0.0,1976.0,0.0,1.0,0.0,nan
65,66,Roger Davies,Male,Student,Ravenclaw,Unknown,Unknown,Human,0,Dark,Dark,nan,"Quidditch Captain, Chaser",1 September 1977- 31 August 1978,0,ROGER,0.0,0,0,0.0,1978.0,0.0,2.0,0.0,nan
66,67,Marcus Belby,Male,Student,Ravenclaw,Unknown,Unknown,Human,pure-blood-or-half-blood,Brown,Dark,nan,0,1 September 1978 - 31 August 1979,0,MARCUS,0.0,0,0,0.0,1979.0,0.0,0.0,0.0,nan
67,68,Salazar Slytherin,Male,Founder of Slytherin,Slytherin,"snakewood, Basilisk horn",Unknown,Human,pure-blood,Grey,Dark,nan,Accomplished Legilimens and one of the first recorded Parselmouths,Pre 976,11th century,SALAZAR,0.0,0,0,0.0,0.0,0.0,1.0,0.0,nan
68,69,Godric Gryffindor,Male,Founder of Gryffindor,Gryffindor,Unknown,Unknown,Human,pure-blood-or-half-blood,Red,Green,nan,The most accomplished duellist of his time,Pre 976,11th century,GODRIC,0.0,0,0,0.0,0.0,0.0,1.0,0.0,nan
69,70,Rowena Ravenclaw,Female,Founder of Ravenclaw,Ravenclaw,Unknown,Unknown,Human,pure-blood-or-half-blood,Black,Dark,nan,"Extremely skilled witch, known for her intelligence and wisdom",Pre 976,11th century,ROWENA,0.0,0,0,0.0,0.0,0.0,2.0,0.0,nan
70,71,Nicholas de Mimsy-Porpington,Male,Gryffindor House Ghost,Gryffindor,Unknown,Unknown,Ghost,0,Grey,0,nan,0,1401 -1475,"31 October, 1492",NICHOLAS,0.0,0,0,1492.0,1475.0,17.0,0.0,0.0,nan
71,72,Cuthbert Binns,Male,Professor of History of Magic ,0,Unknown,Unknown,Ghost,0,White (balding),Black,nan,Boring a class with facts that might be interesting if anyone else was giving the lesson,0,Pre 1970s,CUTHBERT,0.0,0,0,0.0,0.0,0.0,1.0,0.0,nan
72,73,Barty Crouch Jr.,Male,Professor of Defence Against the Dark Arts (as Alastor Moody) ,0,Unknown,Unknown,Human,pure-blood-or-half-blood,Straw blond,"Pale, freckled","Lord Voldemort  , Death Eaters",Skilled potioneer,1962,1995-1996,BARTY,0.0,0,0,1996.0,1962.0,34.0,1.0,2.0,Death Eaters
73,74,Charity Burbage,Female,Professor of Muggle Studies,0,Unknown,Non-corporeal,Human,pure-blood-or-half-blood,Blonde,0,nan,Teaching and studying the Muggle world,Before 1976,"Late July, 1997",CHARITY,0.0,0,0,1997.0,1976.0,21.0,1.0,0.0,nan
74,75,Firenze,Male,Professor of Divination,0,0,0,Centaur,0,White-blond,Astonishingly blue,nan,0,0,0,FIRENZE,0.0,0,0,0.0,0.0,0.0,0.0,0.0,nan
75,76,Alecto Carrow,Female,Professor of Muggle Studies,Slytherin,Unknown,Unknown,Human,pure-blood-or-half-blood,0,0,"Lord Voldemort  , Death Eaters",Spreading anti-Muggle propaganda,Pre 1981,0,ALECTO,0.0,0,0,0.0,1981.0,0.0,1.0,2.0,Death Eaters
76,77,Amycus Carrow,Male,Professor of Dark Arts,Slytherin,Unknown,Unknown,Human,pure-blood-or-half-blood,0,0,"Lord Voldemort  , Death Eaters",Cruciatus Curse,Pre 1982,0,AMYCUS,0.0,0,0,0.0,1982.0,0.0,1.0,2.0,Death Eaters
77,78,Helga Hufflepuff,Female,Founder of Hufflepuff,Hufflepuff,Unknown,Unknown,Human,pure-blood-or-half-blood,Brown,Blue,nan,Food-related Charms. Many traditional Hogwarts recipes originated with her,Pre 976,11th century,HELGA,0.0,0,0,0.0,0.0,0.0,1.0,0.0,nan
78,79,Fat Friar,Male,Hufflepuff House Ghost,Hufflepuff,Unknown,Unknown,Ghost,0,Brown,0,nan,Curing peasants of the pox,10th century,Pre 1988,FAT,0.0,0,0,1988.0,0.0,0.0,1.0,0.0,nan
79,80,Helena Ravenclaw,Female,Ravenclaw House Ghost,Ravenclaw,Unknown,Unknown,Ghost,pure-blood-or-half-blood,Black,Grey,nan,0,Post 982,996-1000,HELENA,0.0,0,0,1000.0,0.0,0.0,0.0,0.0,nan
80,81,Nymphadora Tonks,Female,Auror,Hufflepuff,Unknown,"Jack rabbit, Wolf",Human,half-blood,Variable,Variable,"Ministry of Magic , Order of the Phoenix","Talented Auror, Metamorphmagus",1 September 1972- 31 August 1973,"2 May, 1998",NYMPHADORA,0.0,0,0,1998.0,1973.0,25.0,2.0,2.0,Minister of Magic
81,82,Pomona Sprout,Female,Professor of Herbology | Head of Hufflepuff House,Hufflepuff,Unknown,Non-corporeal,Human,pure-blood-or-half-blood,0,Grey,nan,Herbology,15 May,0,POMONA,0.0,0,0,0.0,0.0,0.0,1.0,0.0,nan
82,83,Newton Scamander,Male,Employee in the Beast Division of the Department for the Regulation and Control of Magical Creatures,Hufflepuff,Unknown,Unknown,Human,pure-blood-or-half-blood,Red brown,Blue,nan,"Magizoology, Order of Merlin, Second Class",24 February 1897,0,NEWTON,0.0,0,0,0.0,1897.0,0.0,3.0,0.0,nan
83,84,Cedric Diggory,Male,Student,Hufflepuff,"12¼"", Ash, unicorn hair",Unknown,Human,pure-blood,Dark,Grey,nan,Skilled Seeker,1 September - 30 October 1977,"24 June, 1995",CEDRIC,1977.0,0,http://hp-api.herokuapp.com/images/cedric.png,1995.0,1977.0,18.0,1.0,0.0,nan
84,85,Justin Finch-Fletchley,Male,Student,Hufflepuff,Unknown,Non-corporeal,Human,muggle-born,Red,0,Dumbledore's Army,0,1 September 1979- 31 August 1980,0,JUSTIN,0.0,0,0,0.0,1980.0,0.0,0.0,1.0,Dumbledore's Army
85,86,Zacharias Smith,Male,Student,Hufflepuff,Unknown,Unknown,Human,pure-blood-or-half-blood,Blonde,0,Dumbledore's Army,Chaser,1 September 1979 - 2 May 1981,0,ZACHARIAS,0.0,0,0,0.0,1981.0,0.0,1.0,1.0,Dumbledore's Army
86,87,Hannah Abbott,Female,Student,Hufflepuff,Unknown,Non-corporeal,Human,half-blood,Blonde,Brown,Dumbledore's Army,"Defensive spells, learned with Dumbledore's Army",1 September 1979 - 31 August 1980,0,HANNAH,0.0,0,0,0.0,1980.0,0.0,2.0,1.0,Dumbledore's Army
87,88,Ernest Macmillan,Male,Student,Hufflepuff,Unknown,Boar,Human,pure-blood,Blond,0,Dumbledore's Army,"Revising, being a Prefect, getting the wrong end of the stick",21 April 1980 - 31 August 1980,0,ERNEST,0.0,0,0,0.0,1980.0,0.0,3.0,1.0,Dumbledore's Army
88,89,Susan Bones,Female,Student,Hufflepuff,Unknown,Unknown,Human,half-blood,0,0,Dumbledore's Army,"Defensive spells, learned with Dumbledore's Army",1 September 1979 - 31 August 1980,0,SUSAN,0.0,0,0,0.0,1980.0,0.0,2.0,1.0,Dumbledore's Army
89,90,Walden Macnair,Male,Executioner for the Committee for the Disposal of Dangerous Creatures,Slytherin,Unknown,Unknown,Human,pure-blood-or-half-blood,Black,0,"Lord Voldemort  , Death Eaters",Liaising with giants,In or before 1970s,0,WALDEN,0.0,0,0,0.0,0.0,0.0,1.0,2.0,Death Eaters
90,91,Augustus Rookwood,Male,Unspeakable,Slytherin,Unknown,None,Human,pure-blood-or-half-blood,Brown/greying,0,"Lord Voldemort  , Death Eaters",Spying for Lord Voldemort,pre 1964,0,AUGUSTUS,0.0,0,0,0.0,1964.0,0.0,1.0,2.0,Death Eaters
91,92,Antonin Dolohov,Male,Death Eater,Slytherin,Unknown,None,Human,pure-blood-or-half-blood,Dark,0,"Lord Voldemort  , Death Eaters",Duelling. Fought and killed Molly Weasley's brothers and Remus Lupin,pre 1950,0,ANTONIN,0.0,0,0,0.0,1950.0,0.0,1.0,2.0,Death Eaters
92,93,Corban Yaxley,Male,Head of the Department of Magical Law Enforcement,Slytherin,Unknown,None,Human,pure-blood-or-half-blood,Blonde,Blue,"Lord Voldemort  , Death Eaters","Imperius curse, undercover work",Pre 1970s,0,CORBAN,0.0,0,0,0.0,0.0,0.0,2.0,2.0,Death Eaters
93,94,Igor Karkaroff,Male,Headmaster of Durmstrang Institute,0,Unknown,None,Human,pure-blood-or-half-blood,Silver| formerly black,0,nan,Skilled in the Dark Arts,pre 1965,"24 June, 1995 – 31 July, 1996",IGOR,0.0,0,0,1996.0,1965.0,31.0,1.0,0.0,nan
94,95,Kingsley Shacklebolt,Male,Auror  | Minister for Magic,0,Unknown,Lynx,Human,pure-blood,Bald,Black,Order of the Phoenix,Exceptionally skilled duellist and Auror,Pre 1973,0,KINGSLEY,0.0,pure-blood,http://hp-api.herokuapp.com/images/kingsley.jpg,0.0,1973.0,0.0,1.0,1.0,Order of the Phoenix
95,96,Alastor Moody,Male,Auror ,0,Unknown,Non-corporeal,Human,pure-blood,Grey,"One dark, one electric blue",Order of the Phoenix,"A highly accomplished Auror and an outstanding duellist, also skilled in non-verbal magic",Pre 1960,"27 July, 1997",ALASTOR,0.0,0,0,1997.0,1960.0,37.0,2.0,1.0,Order of the Phoenix
96,97,Alice Longbottom,Female,Auror,0,Unknown,Unknown,Human,pure-blood,Blonde,0,Original Order of the Phoenix,Auror,0,0,ALICE,0.0,0,0,0.0,0.0,0.0,1.0,1.0,Order of the Phoenix
97,98,Frank Longbottom,Male,Auror,Gryffindor,"Inherited by his son, Neville. It was broken in battle at the Department of Mysteries.",Unknown,Human,pure-blood,Blonde,0,Original Order of the Phoenix,Auror,1 September 1957 - 31 August 1959 or earlier,0,FRANK,0.0,0,0,0.0,0.0,0.0,1.0,1.0,Order of the Phoenix
98,99,Rufus Scrimgeour,Male,Head of Auror Office| Minister for Magic,0,Unknown,Non-corporeal,Human,0,Tawny,Yellowish,Minister of Magic,Highly regarded as a skilled Auror,Pre 1968,"1 August, 1997",RUFUS,0.0,0,0,1997.0,1968.0,29.0,1.0,1.0,Minister of Magic
99,100,Cornelius Oswald Fudge,Male,Minister for Magic,0,Unknown,Non-corporeal,Human,pure-blood-or-half-blood,Grey,0,Minister of Magic,Turning a blind eye to the continuing threat of Dark Magic in the name of keeping up morale,Pre 1964,0,CORNELIUS,0.0,0,0,0.0,1964.0,0.0,1.0,1.0,Minister of Magic
100,101,Barty Crouch Sr.,Male,Head of the Department of International Magical Cooperation,0,Unknown,Non-corporeal,Human,pure-blood,Grey,0,Minister of Magic,"Multilingual, able to fight the Imperius curse",Pre 1940,"27 May, 1995",BARTY,0.0,0,0,1995.0,1940.0,55.0,2.0,1.0,Minister of Magic
101,102,Amos Diggory,Male,Employee of the Department for the Regulation and Control of Magical Creatures[,0,Unknown,Non-corporeal,Human,pure-blood-or-half-blood,Brown,Ruddy,Minister of Magic,Works for the Department for the Regulation and Control of Magical Creatures,0,0,AMOS,0.0,0,0,0.0,0.0,0.0,1.0,1.0,Minister of Magic
102,103,Dedalus Diggle,Male,0,0,Unknown,Non-corporeal,Human,pure-blood-or-half-blood,0,0,Order of the Phoenix,An enthusiastic volunteer for the Order and a helpful escort for Harry and his relatives,Pre 1964,0,DEDALUS,0.0,0,0,0.0,1964.0,0.0,1.0,1.0,Order of the Phoenix
103,104,Elphias Doge,Male,Special Advisor to the Wizengamot,0,Unknown,Non-corporeal,Human,pure-blood,Silver,Grey/Blue[,Order of the Phoenix,Writing,1 September 1880 - 31 August 1881,0,ELPHIAS,0.0,0,0,0.0,1881.0,0.0,1.0,1.0,Order of the Phoenix
104,105,Fleur Isabelle Delacour,Female,Part-time at Gringotts Wizarding Bank,Beauxbatons,"9½"", Rosewood, veela hair",Non-corporeal,Human,quarter-veela,Silvery-blonde,Dark blue[,Order of the Phoenix,"part Veela, and therefore possesses some of their magical powers. She was also selected to compete in the Triwizard Tournament","Pre 30 October, 1977",0,FLEUR,0.0,0,0,0.0,1977.0,0.0,2.0,1.0,Order of the Phoenix
105,106,Aberforth Dumbledore,Male,Owner and Barman of the Hog's Head Inn,0,Unknown,Goat,Human,half-blood,Grey,Bright Blue,Order of the Phoenix,"Bartending, caring for Ariana",1 September 1883-31 August 1884,0,ABERFORTH,0.0,0,0,0.0,1884.0,0.0,2.0,1.0,Order of the Phoenix
106,107,Mundungus Fletcher,Male,Dealer of wizarding artifacts,0,Unknown,Non-corporeal,Human,half-blood[,Ginger,Brown,Order of the Phoenix,"Gathering information for the Order, dealing in stolen cauldrons, 'acquiring' the odd Muggle car",Before 1962,0,MUNDUNGUS,0.0,0,0,0.0,1962.0,0.0,3.0,1.0,Order of the Phoenix
107,108,Sturgis Podmore,Male,Advance Guard,0,Unknown,Unknown,Human,pure-blood-or-half-blood,Straw-coloured,Brown,Order of the Phoenix,Carrying out guard duty for the Order,8 September 1956 - 7 September 1957,0,STURGIS,0.0,0,0,0.0,1957.0,0.0,1.0,1.0,Order of the Phoenix
108,109,Hestia Jones,Female,Advance Guard,0,Unknown,Unknown,Human,pure-blood-or-half-blood,Black,0,Order of the Phoenix,Carrying out escort missions for the Order,Pre 1978,0,HESTIA,0.0,0,0,0.0,1978.0,0.0,1.0,1.0,Order of the Phoenix
109,110,Marlene McKinnon,Female,0,0,Unknown,Unknown,Human,0,Red,Brown,Original Order of the Phoenix,0,0,"July, 1981",MARLENE,0.0,0,0,1981.0,0.0,0.0,0.0,1.0,Order of the Phoenix
110,111,Fabian Prewett,Male,0,0,Unknown,Unknown,Human,pure-blood,Red,Grey,Original Order of the Phoenix,Duelling,0,1981,FABIAN,0.0,0,0,1981.0,0.0,0.0,1.0,1.0,Order of the Phoenix
111,112,Gideon Prewett,Male,0,0,Unknown,Unknown,Human,pure-blood,Red ,Dark Grey,Original Order of the Phoenix,Duelling,0,1981,GIDEON,0.0,0,0,1981.0,0.0,0.0,1.0,1.0,Order of the Phoenix
112,113,Emmeline Vance,Female,Advance Guard,0,Unknown,Unknown,Human,0,0,0,Order of the Phoenix,0,pre 1964,"Early July, 1996",EMMELINE,0.0,0,0,1996.0,1964.0,32.0,0.0,1.0,Order of the Phoenix
113,114,Edgar Bones,Male,0,Hufflepuff,Unknown,Unknown,Human,pure-blood-or-half-blood,Reddish-brown,Grey,Original Order of the Phoenix,Said to be a great wizard,0,1981,EDGAR,0.0,0,0,1981.0,0.0,0.0,1.0,1.0,Order of the Phoenix
114,115,Dorcas Meadowes,Female,0,0,Unknown,Unknown,Human,0,Black,Brown,Original Order of the Phoenix,0,0,1981,DORCAS,0.0,0,0,1981.0,0.0,0.0,0.0,1.0,Order of the Phoenix
115,116,Benjy Fenwick,Male,0,0,Unknown,Unknown,Human,0,Black,Black,Original Order of the Phoenix,0,0,1981,BENJY,0.0,0,0,1981.0,0.0,0.0,0.0,1.0,Order of the Phoenix
116,117,Madame Olympe Maxime,Female,Headmistress of Beauxbatons Academy of Magic,Beauxbatons,Unknown,Unknown,Half-Human/Half-Giant,part-human-(half-giant),Brown,Black,nan,"An ‘excellent dancer’, in the words of Dumbledore himself",0,0,MADAME,0.0,0,0,0.0,0.0,0.0,2.0,0.0,nan
117,118,Gabrielle Delacour,Female,0,Beauxbatons,Unknown,Unknown,Human,quarter-veela,Silvery-blonde,0,nan,part Veela and therefore may possess some of their magical powers,31 July 1985 - 30 July 1986,0,GABRIELLE,0.0,0,0,0.0,1986.0,0.0,1.0,0.0,nan
118,119,Viktor Krum,Male,Seeker for the Bulgarian National Quidditch team,Durmstrang,"10¼"", Hornbeam, dragon heartstring",Unknown,Human,pure-blood-or-half-blood,Dark,Dark,nan,One of the best Seekers in the world,"April-August, 1976",0,VIKTOR,0.0,0,0,0.0,1976.0,0.0,1.0,0.0,nan
119,120,Petunia Dursley,Female,0,0,0,0,Human,muggle,Blonde,0,nan,0,Pre 1960,0,PETUNIA,0.0,0,0,0.0,1960.0,0.0,0.0,0.0,nan
120,121,Vernon Dursley,Male,Director at Grunnings,0,0,0,Human,muggle,Black,0,nan,"Schmoozing clients, pretending magic doesn't exist",Pre 1954,0,VERNON,0.0,0,0,0.0,1954.0,0.0,2.0,0.0,nan
121,122,Dudley Dursley,Male,0,0,0,0,Human,muggle,Blond,Blue,nan,0,23 June 1980,0,DUDLEY,0.0,0,0,0.0,1980.0,0.0,0.0,0.0,nan
122,123,Marge Dursley,Female,Dog breeder,0,0,0,Human,muggle,Grey,0,nan,Breeding bulldogs,Pre 1954,0,MARGE,0.0,0,0,0.0,1954.0,0.0,1.0,0.0,nan
123,124,Dennis Creevey,Male,Student,Gryffindor,Unknown,Unknown,Human,muggle-born,Mousy brown,0,Dumbledore's Army,0,1 September 1982 - 31 August 1983,0,DENNIS,0.0,0,0,0.0,1983.0,0.0,0.0,1.0,Dumbledore's Army
124,125,Albus Severus Potter,Male,Student,Slytherin,Unknown,Unknown,Human,half-blood,Jet-black,Bright green,nan,0,Between 1 September 2005-31 August 2006,0,ALBUS,0.0,0,0,0.0,2006.0,0.0,0.0,0.0,nan
125,126,Scorpius Hyperion Malfoy,Male,Student,Slytherin,Unknown,Unknown,Human,pure-blood,White blond,Grey,nan,0,Between 1 September 2005-31 August 2007,0,SCORPIUS,0.0,0,0,0.0,2007.0,0.0,0.0,0.0,nan
126,127,Edward Remus Lupin,Male,Student,Hufflepuff,Unknown,Unknown,Human (Metamorphmagus),half-blood,Variable,Variable,nan,0,"April, 1998",0,EDWARD,0.0,0,0,0.0,1998.0,0.0,0.0,0.0,nan
127,128,James Sirius Potter,Male,Student,Gryffindor,Unknown,Unknown,Human,half-blood,0,0,nan,0,1 September 2003-31 August 2004,0,JAMES,0.0,0,0,0.0,2004.0,0.0,0.0,0.0,nan
128,129,Rose Granger-Weasley,Female,Student,Gryffindor,Unknown,Unknown,Human,half-blood,Red,0,nan,Chaser,1 September 2005-31 August 2006,0,ROSE,0.0,0,0,0.0,2006.0,0.0,1.0,0.0,nan
129,130,Argus Filch,Male,Caretaker of Hogwarts,0,0,0,Human,squib,Grey,Pale,Hogwarts School of Witchcraft and Wizardry,Sniffing out mischief,Pre 1951,0,ARGUS,0.0,squib,http://hp-api.herokuapp.com/images/filch.jpg,0.0,1951.0,0.0,1.0,1.0,Hogwarts School
130,131,Poppy Pomfrey,Female,Matron at Hogwarts School,0,Unknown,Non-corporeal,Human,pure-blood-or-half-blood,0,0,Hogwarts School of Witchcraft and Wizardry,Skilled medical healer,pre 1954,0,POPPY,0.0,0,0,0.0,1954.0,0.0,1.0,1.0,Hogwarts School
131,132,Rolanda Hooch,Female,Flying Instructor at Hogwarts,0,Unknown,Non-corporeal,Human,0,Grey,Yellow,Hogwarts School of Witchcraft and Wizardry,"Teaching, flying, refereeing Quidditch matches",pre 1918,0,ROLANDA,0.0,0,0,0.0,1918.0,0.0,3.0,1.0,Hogwarts School
132,133,Irma Pince,Female,Librarian at Hogwarts,0,Unknown,Non-corporeal,Human,0,0,0,Hogwarts School of Witchcraft and Wizardry,0,Pre 1966,0,IRMA,0.0,0,0,0.0,1966.0,0.0,0.0,1.0,Hogwarts School
133,134,Aurora Sinistra,Female,Astronomer at Hogwarts,0,Unknown,Unknown,Human,pure-blood-or-half-blood,Dark,Dark,Hogwarts School of Witchcraft and Wizardry,0,Pre 1968,0,AURORA,0.0,0,0,0.0,1968.0,0.0,0.0,1.0,Hogwarts School
134,135,Septima Vector,Female,Professor of Arithmancyat Hogwarts,0,Unknown,Unknown,Human,0,Black,0,Hogwarts School of Witchcraft and Wizardry,0,Before 1974,0,SEPTIMA,0.0,0,0,0.0,1974.0,0.0,0.0,1.0,Hogwarts School
135,136,Wilhelmina Grubbly-Plank,Female,Substitute professor of Care of Magical Creatures at Hogwarts,0,Unknown,Non-corporeal,Human,0,Grey,0,Hogwarts School of Witchcraft and Wizardry,0,0,0,WILHELMINA,0.0,0,0,0.0,0.0,0.0,0.0,1.0,Hogwarts School
136,137,Fenrir Greyback,Male,0,0,Unknown,None,Werewolf,0,Grey,0,"Lord Voldemort  , Death Eaters",Physical combat,Pre 1945,0,FENRIR,0.0,0,0,0.0,1945.0,0.0,1.0,2.0,Death Eaters
137,138,Gellert Grindelwald,Male,Revolutionary leader(c. 1920s[6] – 1945),0,"15"", Elder, Thestral tail hair core",0,Human,pure-blood-or-half-blood,Blond,Blue,Gellert Grindelwald's Acolytes,Duelling,1883,"March, 1998",GELLERT,0.0,0,0,1998.0,1883.0,115.0,1.0,1.0,Gellert Grindelwald's Acolytes
138,139,Dobby,Male,"Malfoy family's house-elf (? - 1993),
Hogwarts kitchens worker (December 1994 - 1998)",0,0,0,House elf,0,Green,0,nan,"A type of magic specific to house-elves, performed without a wand which includes the ability to apparate, disarm and make objects levitate",28 June,"Late March, 1998",DOBBY,0.0,0,0,1998.0,0.0,0.0,3.0,0.0,nan
139,140,Kreacher,Male,"
Black family's house-elf (?-1996), 
Harry Potter's house-elf, 
Hogwarts kitchen worker ",0,0,0,House elf,0,White,0,nan,"Magic performed without a wand which includes the ability to apparate, disarm and make objects levitate",0,0,KREACHER,0.0,0,0,0.0,0.0,0.0,2.0,0.0,nan
